Sector,research_question,,sub_research_question,dependent_variable,,repeat_for_variable,independent_variable,independent_variable_type,dependent_variable_type,hypothesis_type
"Protection, Health","% of households with at least one individual with a disability (% of households with at least on individual that has ""lots of difficulty"" or ""cannot do at all"" one of the following activities: seeing, hearing, walking/climbing steps, remembering/concentrating, self-care, communicating)",,,household_disabled,,all,all,categorical,categorical,direct_reporting
Household Profile,% of households from [governorate of origin],,,governorate_origin,,all,all,categorical,categorical,direct_reporting
Household Profile,Average family size,,,family_member,,all,all,categorical,numerical,direct_reporting
Household Profile,Average household size,,,num_hh_member,,all,all,categorical,numerical,direct_reporting
Household Profile,"% of single-headed households (single, separated, divorced, widowed) ",,,a11,,all,all,categorical,categorical,direct_reporting
Household profile,% of female-headed households,,,a12,,all,all,categorical,categorical,direct_reporting
"Household profile, Protection - CP, GBV",% of households with a presence of child marriage,,,a13,,all,all,categorical,categorical,direct_reporting
"Household profile, Protection - CP",% of households with at least one person under (<18) working,,,a14,,all,all,categorical,categorical,direct_reporting
"Household profile, Protection - CP","% of households reporting children working in [type of work], among households reporting at least one child working*",,"Non-structured: Selling chewing gum, plastic bags, water in the bazaar or on traffics. carrier in the bazaar.",a14_1,,all,all,categorical,categorical,direct_reporting
"Household profile, Protection - CP","% of households reporting children working in [type of work], among households reporting at least one child working*",,"Structured: Serving in shops, Hotels, restaurant, making things. ",a14_2,,all,all,categorical,categorical,direct_reporting
"Household profile, Protection - CP","% of households reporting children working in [type of work], among households reporting at least one child working*",,"Family work: sewing, farming, shepherding, selling in a shop.",a14_3,,all,all,categorical,categorical,direct_reporting
"Household profile, Protection - CP","% of households reporting children working in [type of work], among households reporting at least one child working*",,Other,a14_4,,all,all,categorical,categorical,direct_reporting
CCCM,% of IDP households reporting not intending to return to their AoO due to [insert response option] at the time of data collection*,,"Basic services in the AoO are not enough/available (e.g. electricity, water, health)",a15_1,,all,all,categorical,categorical,direct_reporting
CCCM,% of IDP households reporting not intending to return to their AoO due to [insert response option] at the time of data collection*,,Children enrolled at school in the AoD,a15_2,,all,all,categorical,categorical,direct_reporting
CCCM,% of IDP households reporting not intending to return to their AoO due to [insert response option] at the time of data collection*,,"In need of civil documentation (including personal IDs, marriage or divorce certificates, death certificates, inheritance documents)",a15_3,,all,all,categorical,categorical,direct_reporting
CCCM,% of IDP households reporting not intending to return to their AoO due to [insert response option] at the time of data collection*,,Ongoing community tensions (ethno-religious),a15_4,,all,all,categorical,categorical,direct_reporting
CCCM,% of IDP households reporting not intending to return to their AoO due to [insert response option] at the time of data collection*,,Decline to answer,a15_5,,all,all,categorical,categorical,direct_reporting
CCCM,% of IDP households reporting not intending to return to their AoO due to [insert response option] at the time of data collection*,,Fear of discrimination or rejection from the community in AoO,a15_6,,all,all,categorical,categorical,direct_reporting
CCCM,% of IDP households reporting not intending to return to their AoO due to [insert response option] at the time of data collection*,,Do not know,a15_7,,all,all,categorical,categorical,direct_reporting
CCCM,% of IDP households reporting not intending to return to their AoO due to [insert response option] at the time of data collection*,,Family assets in AoO have been damaged/destroyed,a15_8,,all,all,categorical,categorical,direct_reporting
CCCM,% of IDP households reporting not intending to return to their AoO due to [insert response option] at the time of data collection*,,Fear/trauma associated with returning to place of origin,a15_9,,all,all,categorical,categorical,direct_reporting
CCCM,% of IDP households reporting not intending to return to their AoO due to [insert response option] at the time of data collection*,,Health condition does not allow me to leave the AoD,a15_10,,all,all,categorical,categorical,direct_reporting
CCCM,% of IDP households reporting not intending to return to their AoO due to [insert response option] at the time of data collection*,,Household assets in AoO have been damaged/stolen,a15_11,,all,all,categorical,categorical,direct_reporting
CCCM,% of IDP households reporting not intending to return to their AoO due to [insert response option] at the time of data collection*,,House I own in AoO has been damaged/destroyed,a15_12,,all,all,categorical,categorical,direct_reporting
CCCM,% of IDP households reporting not intending to return to their AoO due to [insert response option] at the time of data collection*,,House/land I own in AoO is currently occupied,a15_13,,all,all,categorical,categorical,direct_reporting
CCCM,% of IDP households reporting not intending to return to their AoO due to [insert response option] at the time of data collection*,,Immediate family and network will not return,a15_14,,all,all,categorical,categorical,direct_reporting
CCCM,% of IDP households reporting not intending to return to their AoO due to [insert response option] at the time of data collection*,,Non-restoration of courts and/or civil registries in AoO,a15_15,,all,all,categorical,categorical,direct_reporting
CCCM,% of IDP households reporting not intending to return to their AoO due to [insert response option] at the time of data collection*,,Lack of livelihood/income generating activities in AoO,a15_16,,all,all,categorical,categorical,direct_reporting
CCCM,% of IDP households reporting not intending to return to their AoO due to [insert response option] at the time of data collection*,,Lack of education opportunities for children in AoO,a15_17,,all,all,categorical,categorical,direct_reporting
CCCM,% of IDP households reporting not intending to return to their AoO due to [insert response option] at the time of data collection*,,Lack of security forces,a15_18,,all,all,categorical,categorical,direct_reporting
CCCM,% of IDP households reporting not intending to return to their AoO due to [insert response option] at the time of data collection*,,Lack of safety and security for women and girls,a15_19,,all,all,categorical,categorical,direct_reporting
CCCM,% of IDP households reporting not intending to return to their AoO due to [insert response option] at the time of data collection*,,Living conditions are better in the AoD,a15_20,,all,all,categorical,categorical,direct_reporting
CCCM,% of IDP households reporting not intending to return to their AoO due to [insert response option] at the time of data collection*,,Movement restrictions by militias,a15_21,,all,all,categorical,categorical,direct_reporting
CCCM,% of IDP households reporting not intending to return to their AoO due to [insert response option] at the time of data collection*,,No financial means to return and restart,a15_22,,all,all,categorical,categorical,direct_reporting
CCCM,% of IDP households reporting not intending to return to their AoO due to [insert response option] at the time of data collection*,,No transportation available to return home,a15_23,,all,all,categorical,categorical,direct_reporting
CCCM,% of IDP households reporting not intending to return to their AoO due to [insert response option] at the time of data collection*,,"Presence of explosive hazards (mines, bombs, IEDs)",a15_24,,all,all,categorical,categorical,direct_reporting
CCCM,% of IDP households reporting not intending to return to their AoO due to [insert response option] at the time of data collection*,,Local markets are not functioning,a15_25,,all,all,categorical,categorical,direct_reporting
CCCM,% of IDP households reporting not intending to return to their AoO due to [insert response option] at the time of data collection*,,"Other, please specify",a15_26,,all,all,categorical,categorical,direct_reporting
"Shelter & SNFI, Protection",% of households living under critical shelter conditions (aggregated indicator),,,a16,,all,all,categorical,categorical,direct_reporting
Shelter & SNFI,% of households with access to a safe and healthy housing enclosure unit,,,a17,,all,all,categorical,categorical,direct_reporting
Household Profile,Displacement status - IDP household in secondary displacement,,Is this location your household's first place of displacement?,a18,,all,all,categorical,categorical,direct_reporting
Household Profile,% of displaced households that reported attempting return to their AoO in the past 12 months prior to data collection,,,a22,,all,all,categorical,categorical,direct_reporting
Household Profile,% of IDP households that reported intending to remain in their location for the next three months following data collection,,,a24,,all,all,categorical,categorical,direct_reporting
Household Profile,% of IDP households that reported intending to remain in their location for the next twelve months following data collection,,,a25,,all,all,categorical,categorical,direct_reporting
CCCM,% of IDP households that reported intending to return to their AoO due to [insert response option] at the time of data collection*,,"Basic services (e.g. water, electricity, health, education) available in area of origin",a26_1,,all,all,categorical,categorical,direct_reporting
CCCM,% of IDP households that reported intending to return to their AoO due to [insert response option] at the time of data collection*,,Emotional desire to return,a26_2,,all,all,categorical,categorical,direct_reporting
CCCM,% of IDP households that reported intending to return to their AoO due to [insert response option] at the time of data collection*,,Facing eviction in area of displacement,a26_3,,all,all,categorical,categorical,direct_reporting
CCCM,% of IDP households that reported intending to return to their AoO due to [insert response option] at the time of data collection*,,Family member released from detention,a26_4,,all,all,categorical,categorical,direct_reporting
CCCM,% of IDP households that reported intending to return to their AoO due to [insert response option] at the time of data collection*,,Forced to return by security actors or civilian authorities,a26_5,,all,all,categorical,categorical,direct_reporting
CCCM,% of IDP households that reported intending to return to their AoO due to [insert response option] at the time of data collection*,,Lack of safety and security for women and girls in area of displacement,a26_6,,all,all,categorical,categorical,direct_reporting
CCCM,% of IDP households that reported intending to return to their AoO due to [insert response option] at the time of data collection*,,Limited livelihood opportunities in area of displacement,a26_7,,all,all,categorical,categorical,direct_reporting
CCCM,% of IDP households that reported intending to return to their AoO due to [insert response option] at the time of data collection*,,Limited access to basic services in area of displacement,a26_8,,all,all,categorical,categorical,direct_reporting
CCCM,% of IDP households that reported intending to return to their AoO due to [insert response option] at the time of data collection*,,Livelihood options are available in area of origin,a26_9,,all,all,categorical,categorical,direct_reporting
CCCM,% of IDP households that reported intending to return to their AoO due to [insert response option] at the time of data collection*,,Do not feel integrated in area of displacement,a26_10,,all,all,categorical,categorical,direct_reporting
CCCM,% of IDP households that reported intending to return to their AoO due to [insert response option] at the time of data collection*,,Do not feel safe in area of displacement,a26_11,,all,all,categorical,categorical,direct_reporting
CCCM,% of IDP households that reported intending to return to their AoO due to [insert response option] at the time of data collection*,,Other family/community members have returned,a26_12,,all,all,categorical,categorical,direct_reporting
CCCM,% of IDP households that reported intending to return to their AoO due to [insert response option] at the time of data collection*,,Necessary to secure civil documentation,a26_13,,all,all,categorical,categorical,direct_reporting
CCCM,% of IDP households that reported intending to return to their AoO due to [insert response option] at the time of data collection*,,"Necessary to secure personal housing, land and property",a26_14,,all,all,categorical,categorical,direct_reporting
CCCM,% of IDP households that reported intending to return to their AoO due to [insert response option] at the time of data collection*,,Security situation in area of origin is stable,a26_15,,all,all,categorical,categorical,direct_reporting
CCCM,% of IDP households that reported intending to return to their AoO due to [insert response option] at the time of data collection*,,Area of origin was cleared of explosive ordnance,a26_16,,all,all,categorical,categorical,direct_reporting
CCCM,% of IDP households that reported intending to return to their AoO due to [insert response option] at the time of data collection*,,"Other, please specify",a26_17,,all,all,categorical,categorical,direct_reporting
CCCM,% of returnee households that reported intending to remain in their location for the next three months following data collection,,,a27,,all,all,categorical,categorical,direct_reporting
CCCM,% of returnee households that reported intending to remain in their current location for the next twelve months following data collection,,,a28,,all,all,categorical,categorical,direct_reporting
CCCM,% of IDP households that reported intending to integrate into the local community of their current district in the long-term,,,a29,,all,all,categorical,categorical,direct_reporting
"Household profile, Health","% of households with women of reproductive age (15-49 years) with a reported live birth in the last two years at a location with skilled health personnel, among households with a live birth in the last two years",,,a100,,all,all,categorical,categorical,direct_reporting
"Household profile, Health","% of households reporting facing [barrier] as barrier to accessing skilled health personnel, among households with a reported live birth at their home in the last two years *",,Financial constraints,a101_1,,all,all,categorical,categorical,direct_reporting
"Household profile, Health","% of households reporting facing [barrier] as barrier to accessing skilled health personnel, among households with a reported live birth at their home in the last two years *",,No services available,a101_2,,all,all,categorical,categorical,direct_reporting
"Household profile, Health","% of households reporting facing [barrier] as barrier to accessing skilled health personnel, among households with a reported live birth at their home in the last two years *",,Services not perceived as culturally/socially appropriate,a101_3,,all,all,categorical,categorical,direct_reporting
"Household profile, Health","% of households reporting facing [barrier] as barrier to accessing skilled health personnel, among households with a reported live birth at their home in the last two years *",,Time constraints/emergency birth,a101_4,,all,all,categorical,categorical,direct_reporting
"Household profile, Health","% of households reporting facing [barrier] as barrier to accessing skilled health personnel, among households with a reported live birth at their home in the last two years *",,Transportation/distance constraints,a101_5,,all,all,categorical,categorical,direct_reporting
"Household profile, Health","% of households reporting facing [barrier] as barrier to accessing skilled health personnel, among households with a reported live birth at their home in the last two years *",,Other (specify),a101_6,,all,all,categorical,categorical,direct_reporting
Protection,"% of households with members reportedly unable to access one or more basic services (e.g. education, health clinics, markets, etc.) due to physical or mental difficulties, among households with members reported to have such difficulties",,,c9,,all,all,categorical,categorical,direct_reporting
AAP,Most commonly-reported types of household information needs and preferences from aid providers (households were asked for top-3 needs)*,,How to get access to education,d1_1,,all,all,categorical,categorical,direct_reporting
AAP,Most commonly-reported types of household information needs and preferences from aid providers (households were asked for top-3 needs)*,,How to access water services,d1_2,,all,all,categorical,categorical,direct_reporting
AAP,Most commonly-reported types of household information needs and preferences from aid providers (households were asked for top-3 needs)*,,Commodity prices,d1_3,,all,all,categorical,categorical,direct_reporting
AAP,Most commonly-reported types of household information needs and preferences from aid providers (households were asked for top-3 needs)*,,Complaint mechanisms,d1_4,,all,all,categorical,categorical,direct_reporting
AAP,Most commonly-reported types of household information needs and preferences from aid providers (households were asked for top-3 needs)*,,How to get cooking fuel/firewood,d1_5,,all,all,categorical,categorical,direct_reporting
AAP,Most commonly-reported types of household information needs and preferences from aid providers (households were asked for top-3 needs)*,,COVID-19-related information,d1_6,,all,all,categorical,categorical,direct_reporting
AAP,Most commonly-reported types of household information needs and preferences from aid providers (households were asked for top-3 needs)*,,How to find work,d1_7,,all,all,categorical,categorical,direct_reporting
AAP,Most commonly-reported types of household information needs and preferences from aid providers (households were asked for top-3 needs)*,,Finding missing people,d1_8,,all,all,categorical,categorical,direct_reporting
AAP,Most commonly-reported types of household information needs and preferences from aid providers (households were asked for top-3 needs)*,,How to get food,d1_9,,all,all,categorical,categorical,direct_reporting
AAP,Most commonly-reported types of household information needs and preferences from aid providers (households were asked for top-3 needs)*,,How to get support for women and girls survivors of GBV (use the GBV referral pathways of the location),d1_10,,all,all,categorical,categorical,direct_reporting
AAP,Most commonly-reported types of household information needs and preferences from aid providers (households were asked for top-3 needs)*,,How to get healthcare/medical attention,d1_11,,all,all,categorical,categorical,direct_reporting
AAP,Most commonly-reported types of household information needs and preferences from aid providers (households were asked for top-3 needs)*,,How to get more money/financial support,d1_12,,all,all,categorical,categorical,direct_reporting
AAP,Most commonly-reported types of household information needs and preferences from aid providers (households were asked for top-3 needs)*,,How to get psychosocial support services,d1_13,,all,all,categorical,categorical,direct_reporting
AAP,Most commonly-reported types of household information needs and preferences from aid providers (households were asked for top-3 needs)*,,How to get shelter/accommodation/shelter materials,d1_14,,all,all,categorical,categorical,direct_reporting
AAP,Most commonly-reported types of household information needs and preferences from aid providers (households were asked for top-3 needs)*,,"How to get transport (e.g. transport within the area of displacement, transport to the area of origin, etc)",d1_15,,all,all,categorical,categorical,direct_reporting
AAP,Most commonly-reported types of household information needs and preferences from aid providers (households were asked for top-3 needs)*,,How to stay safe or get help after attack or harassment (link to relevant CFM: IIC phone number 80069999 and PSEA dedicated email address as relevant + CwC key messages during surveys),d1_16,,all,all,categorical,categorical,direct_reporting
AAP,Most commonly-reported types of household information needs and preferences from aid providers (households were asked for top-3 needs)*,,Info about local integration,d1_17,,all,all,categorical,categorical,direct_reporting
AAP,Most commonly-reported types of household information needs and preferences from aid providers (households were asked for top-3 needs)*,,Information about nutrition,d1_18,,all,all,categorical,categorical,direct_reporting
AAP,Most commonly-reported types of household information needs and preferences from aid providers (households were asked for top-3 needs)*,,"Info about organization, programs and how to contribute/engage",d1_19,,all,all,categorical,categorical,direct_reporting
AAP,Most commonly-reported types of household information needs and preferences from aid providers (households were asked for top-3 needs)*,,Info about relocation,d1_20,,all,all,categorical,categorical,direct_reporting
AAP,Most commonly-reported types of household information needs and preferences from aid providers (households were asked for top-3 needs)*,,Info about possible return to place of origin,d1_21,,all,all,categorical,categorical,direct_reporting
AAP,Most commonly-reported types of household information needs and preferences from aid providers (households were asked for top-3 needs)*,,"Legal rights to housing, land and property",d1_22,,all,all,categorical,categorical,direct_reporting
AAP,Most commonly-reported types of household information needs and preferences from aid providers (households were asked for top-3 needs)*,,News on what is happening in area of origin,d1_23,,all,all,categorical,categorical,direct_reporting
AAP,Most commonly-reported types of household information needs and preferences from aid providers (households were asked for top-3 needs)*,,News on what is happening here,d1_24,,all,all,categorical,categorical,direct_reporting
AAP,Most commonly-reported types of household information needs and preferences from aid providers (households were asked for top-3 needs)*,,How to register for aid,d1_25,,all,all,categorical,categorical,direct_reporting
AAP,Most commonly-reported types of household information needs and preferences from aid providers (households were asked for top-3 needs)*,,"How to request/renew core documentation (e.g. birth certificate, ID, household documentation on HLP)",d1_26,,all,all,categorical,categorical,direct_reporting
AAP,Most commonly-reported types of household information needs and preferences from aid providers (households were asked for top-3 needs)*,,None,d1_27,,all,all,categorical,categorical,direct_reporting
AAP,Most commonly-reported types of household information needs and preferences from aid providers (households were asked for top-3 needs)*,,Other (specify),d1_28,,all,all,categorical,categorical,direct_reporting
AAP,% of displaced or formerly displaced households reporting to have received humanitarian aid in the past 30 days,,,d4,,all,all,categorical,categorical,direct_reporting
AAP,"% of displaced or formerly displaced households reporting being satisfied with aid received, among households who reported having received aid within 30 days prior to data collection",,,d6,,all,all,categorical,categorical,direct_reporting
AAP,% of households not satisfied with quantity of aid received,,,d7,,all,all,categorical,categorical,direct_reporting
AAP,% of households reporting awareness of complaint mechanisms,,,d10,,all,all,categorical,categorical,direct_reporting
AAP,Barrier to access information in the community*,,Not aware of any groups not accessing information/all groups can access information,d12_1,,all,all,categorical,categorical,direct_reporting
AAP,Barrier to access information in the community*,,Unaccompanied and separated children,d12_2,,all,all,categorical,categorical,direct_reporting
AAP,Barrier to access information in the community*,,People with serious health conditions,d12_3,,all,all,categorical,categorical,direct_reporting
AAP,Barrier to access information in the community*,,Persons with special legal or physical protection needs,d12_4,,all,all,categorical,categorical,direct_reporting
AAP,Barrier to access information in the community*,,Single women,d12_5,,all,all,categorical,categorical,direct_reporting
AAP,Barrier to access information in the community*,,Women-headed households,d12_6,,all,all,categorical,categorical,direct_reporting
AAP,Barrier to access information in the community*,,Persons living with disabilities,d12_7,,all,all,categorical,categorical,direct_reporting
AAP,Barrier to access information in the community*,,People with mental health problems,d12_8,,all,all,categorical,categorical,direct_reporting
AAP,Barrier to access information in the community*,,Older persons (60+),d12_9,,all,all,categorical,categorical,direct_reporting
AAP,Barrier to access information in the community*,,"Persons with a diverse sex, sexual orientation or gender identity",d12_10,,all,all,categorical,categorical,direct_reporting
AAP,Barrier to access information in the community*,,People who can not read,d12_11,,all,all,categorical,categorical,direct_reporting
AAP,Barrier to access information in the community*,,Other,d12_12,,all,all,categorical,categorical,direct_reporting
AAP,"Most commonly-reported priority needs, by % of households per type of priority need reported (households were asked for top-3)*",,"Drinking water
",d13_1,,all,all,categorical,categorical,direct_reporting
AAP,"Most commonly-reported priority needs, by % of households per type of priority need reported (households were asked for top-3)*",,Education for children under 18,d13_2,,all,all,categorical,categorical,direct_reporting
AAP,"Most commonly-reported priority needs, by % of households per type of priority need reported (households were asked for top-3)*",,Food,d13_3,,all,all,categorical,categorical,direct_reporting
AAP,"Most commonly-reported priority needs, by % of households per type of priority need reported (households were asked for top-3)*",,Healthcare,d13_4,,all,all,categorical,categorical,direct_reporting
AAP,"Most commonly-reported priority needs, by % of households per type of priority need reported (households were asked for top-3)*",,"Hygiene NFIs (e.g. soap, sanitary pads) and sanitation services (e.g. latrines)",d13_5,,all,all,categorical,categorical,direct_reporting
AAP,"Most commonly-reported priority needs, by % of households per type of priority need reported (households were asked for top-3)*",,Child Protection,d13_6,,all,all,categorical,categorical,direct_reporting
AAP,"Most commonly-reported priority needs, by % of households per type of priority need reported (households were asked for top-3)*",,Info about services/psychosocial assistance/legal assistance to protect women and girls from risk/threats,d13_7,,all,all,categorical,categorical,direct_reporting
AAP,"Most commonly-reported priority needs, by % of households per type of priority need reported (households were asked for top-3)*",,Legal support services (e.g. civil or HLP documentation),d13_8,,all,all,categorical,categorical,direct_reporting
AAP,"Most commonly-reported priority needs, by % of households per type of priority need reported (households were asked for top-3)*",,Livelihoods support / employment,d13_9,,all,all,categorical,categorical,direct_reporting
AAP,"Most commonly-reported priority needs, by % of households per type of priority need reported (households were asked for top-3)*",,None,d13_10,,all,all,categorical,categorical,direct_reporting
AAP,"Most commonly-reported priority needs, by % of households per type of priority need reported (households were asked for top-3)*",,Other (specify),d13_11,,all,all,categorical,categorical,direct_reporting
AAP,"Most commonly-reported priority needs, by % of households per type of priority need reported (households were asked for top-3)*",,Psychosocial support,d13_12,,all,all,categorical,categorical,direct_reporting
AAP,"Most commonly-reported priority needs, by % of households per type of priority need reported (households were asked for top-3)*",,Need to repay debt,d13_13,,all,all,categorical,categorical,direct_reporting
AAP,"Most commonly-reported priority needs, by % of households per type of priority need reported (households were asked for top-3)*",,Seeds or other agricultural inputs,d13_14,,all,all,categorical,categorical,direct_reporting
AAP,"Most commonly-reported priority needs, by % of households per type of priority need reported (households were asked for top-3)*",,Shelter / housing,d13_15,,all,all,categorical,categorical,direct_reporting
Protection - HLP,"% of households who have received property compensation, among displaced or formerly displaced households who reported having applied for such compensation",,,f7,,all,all,categorical,categorical,direct_reporting
Protection - HLP,% of displaced or formerly displaced households reporting [barrier] as barrier to receive property compensation*,,"I am not aware of any land, housing or property compensation mechanism",f7b_1,,all,all,categorical,categorical,direct_reporting
Protection - HLP,% of displaced or formerly displaced households reporting [barrier] as barrier to receive property compensation*,,I refused to/could not pay a bribe/''wasta'',f7b_2,,all,all,categorical,categorical,direct_reporting
Protection - HLP,% of displaced or formerly displaced households reporting [barrier] as barrier to receive property compensation*,,The bureaucratic procedures are too heavy and too long,f7b_3,,all,all,categorical,categorical,direct_reporting
Protection - HLP,% of displaced or formerly displaced households reporting [barrier] as barrier to receive property compensation*,,Information or communication are unclear,f7b_4,,all,all,categorical,categorical,direct_reporting
Protection - HLP,% of displaced or formerly displaced households reporting [barrier] as barrier to receive property compensation*,,The disbursement of the compensation has been delayed,f7b_5,,all,all,categorical,categorical,direct_reporting
Protection - HLP,% of displaced or formerly displaced households reporting [barrier] as barrier to receive property compensation*,,I do not have all the required documentation to apply,f7b_6,,all,all,categorical,categorical,direct_reporting
Protection - HLP,% of displaced or formerly displaced households reporting [barrier] as barrier to receive property compensation*,,other,f7b_7,,all,all,categorical,categorical,direct_reporting
Protection - HLP,% of female-headed households reportedly lacking HLP documentation,,,f8,,all,all,categorical,categorical,direct_reporting
Protection - HLP,% of households reporting [barrier] as barrier to access civil documentation*,,Documents are lost or left behind,f10_1,,all,all,categorical,categorical,direct_reporting
Protection - HLP,% of households reporting [barrier] as barrier to access civil documentation*,,My application to obtain a document is pending,f10_2,,all,all,categorical,categorical,direct_reporting
Protection - HLP,% of households reporting [barrier] as barrier to access civil documentation*,,Deliberate destruction or confiscation (by others),f10_3,,all,all,categorical,categorical,direct_reporting
Protection - HLP,% of households reporting [barrier] as barrier to access civil documentation*,,Unable to access civil affairs directorates/courts,f10_4,,all,all,categorical,categorical,direct_reporting
Protection - HLP,% of households reporting [barrier] as barrier to access civil documentation*,,Lack of information about CAD/courts and administrative processes,f10_5,,all,all,categorical,categorical,direct_reporting
Protection - HLP,% of households reporting [barrier] as barrier to access civil documentation*,,Refusal of issuing/renewing documents by civilian authorities,f10_6,,all,all,categorical,categorical,direct_reporting
Protection - HLP,% of households reporting [barrier] as barrier to access civil documentation*,,Refusal of issuing/renewing documents by security actors,f10_7,,all,all,categorical,categorical,direct_reporting
Protection - HLP,% of households reporting [barrier] as barrier to access civil documentation*,,Refusal of security clearance from authorities,f10_8,,all,all,categorical,categorical,direct_reporting
Protection - HLP,% of households reporting [barrier] as barrier to access civil documentation*,,"Cost of obtaining/renewing documents is too high (e.g. transportation, administrative fees)",f10_9,,all,all,categorical,categorical,direct_reporting
Protection - HLP,% of households reporting [barrier] as barrier to access civil documentation*,,"Complexity, length of the legal processes to obtain documentation ",f10_10,,all,all,categorical,categorical,direct_reporting
Protection - HLP,% of households reporting [barrier] as barrier to access civil documentation*,,Have not tried to obtain/renew documents,f10_11,,all,all,categorical,categorical,direct_reporting
Protection - HLP,% of households reporting [barrier] as barrier to access civil documentation*,,Other,f10_12,,all,all,categorical,categorical,direct_reporting
Protection - MA,% of households reporting having at least one member injured/disabled or killed due to the presence of explosive ordnance,,,f11,,all,all,categorical,categorical,direct_reporting
Protection - MA,% of households reporting being impacted by the (perceived) presence of explosive ordnance,,,f12,,all,all,categorical,categorical,direct_reporting
Durable Solutions,% of households reporting being able to play a role in local decision-making,,,f13,,all,all,categorical,categorical,direct_reporting
"Household Profile, CCCM, Shelter & SNFI",% of out-of-camp households reporting living in an informal site,,,g1,,all,all,categorical,categorical,direct_reporting
"Education, Protection - CP","% of households with at least one school-aged child reportedly not attending formal school regularly (at least 4 days a week) in the 2021-2022 school year while schools were open, among households with school-age children",,,g4,,all,all,categorical,categorical,direct_reporting
"Education, Protection - CP",Most commonly-reported barriers to school for school-aged children*,,"We can’t afford to pay for the school related expenses (e.g. high cost of school supplies, tuition, textbook, food, uniforms, transport)",g7_1,,all,all,categorical,categorical,direct_reporting
"Education, Protection - CP",Most commonly-reported barriers to school for school-aged children*,,"Our children are busy working or supporting the household (e.g. children need to stay at home and assist the family with household chores or contribute to household income, early marriage)",g7_2,,all,all,categorical,categorical,direct_reporting
"Education, Protection - CP",Most commonly-reported barriers to school for school-aged children*,,The curriculum and teaching are not adapted for our children (e.g. curriculum or language is not appropriate),g7_3,,all,all,categorical,categorical,direct_reporting
"Education, Protection - CP",Most commonly-reported barriers to school for school-aged children*,,"Health condition of child (e.g. disability, disease or traumatization)",g7_4,,all,all,categorical,categorical,direct_reporting
"Education, Protection - CP",Most commonly-reported barriers to school for school-aged children*,,Lack of interest of children in education.,g7_5,,all,all,categorical,categorical,direct_reporting
"Education, Protection - CP",Most commonly-reported barriers to school for school-aged children*,,"Physical limitations to access school (e.g. no transport, no fuel available, distance too far)",g7_6,,all,all,categorical,categorical,direct_reporting
"Education, Protection - CP",Most commonly-reported barriers to school for school-aged children*,,Unable to access distance learning: school is not offering alternative education while school buildings are closed,g7_7,,all,all,categorical,categorical,direct_reporting
"Education, Protection - CP",Most commonly-reported barriers to school for school-aged children*,,"Unable to access distance learning: household does not have the required resources (e.g. internet connection, laptop)",g7_8,,all,all,categorical,categorical,direct_reporting
"Education, Protection - CP",Most commonly-reported barriers to school for school-aged children*,,"We are not able to register or enrol our children in the school (e.g. lack of documentation to enrol child, recently or continuous movement to different locations, unable to enrol school due to discrimination, poor performance/dismissed)",g7_9,,all,all,categorical,categorical,direct_reporting
"Education, Protection - CP",Most commonly-reported barriers to school for school-aged children*,,None,g7_10,,all,all,categorical,categorical,direct_reporting
"Education, Protection - CP",Most commonly-reported barriers to school for school-aged children*,,"Parental refusal to send children to school (e.g. customs/tradition, don't believe schooling is necessary/do not consider education important, missed too much school to make up, children shouldn't get western education)",g7_11,,all,all,categorical,categorical,direct_reporting
"Education, Protection - CP",Most commonly-reported barriers to school for school-aged children*,,"The school infrastructure is poor (e.g. the schools building is in poor condition, lack of furniture, no electricity, water leaks, poor latrines, poor amenities, WASH facilities are in poor conditions (e.g. latrines maintenance, smell, lightning, gender segregation, poor menstrual hygiene management), facilities are not in line with COVID-19 safety measures",g7_12,,all,all,categorical,categorical,direct_reporting
"Education, Protection - CP",Most commonly-reported barriers to school for school-aged children*,,"School stopped functioning and is now closed (e.g. occupied by armed forces, partially/totally damaged, occupied by displaced persons, lack of students)",g7_13,,all,all,categorical,categorical,direct_reporting
"Education, Protection - CP",Most commonly-reported barriers to school for school-aged children*,,"Going or attending school is not safe (e.g. unsafe to travel or go to school, fear of recruitment or abduction in/on way to school, fear of bombing, fear of violence against children at school (corporal punishment, harassment by teachers and other students, bullying)",g7_14,,all,all,categorical,categorical,direct_reporting
"Education, Protection - CP",Most commonly-reported barriers to school for school-aged children*,,"School and classes are overcrowded and/or lack of staff to run the school (e.g. lack of skilled/trained teachers, lack of gender appropriate teachers/staff)",g7_15,,all,all,categorical,categorical,direct_reporting
"Education, Protection - CP",Most commonly-reported barriers to school for school-aged children*,,Other,g7_16,,all,all,categorical,categorical,direct_reporting
Food Security,% of households by Household Hunger Category,,,g15,,all,all,categorical,categorical,direct_reporting
Food Security,% of households by Household Food Consumption Score (FCS),,,fcs_category,,all,all,categorical,categorical,direct_reporting
Education,"% of households with at least one child reportedly regularly attending formal or informal education (at least 4 days a week), while also working or contributing to the household income, among households with school-age children",,,g19,,all,all,categorical,categorical,direct_reporting
Health,% of households with primary healthcare (health clinic and/or hospital) within one hour reach from their dwellings by normal mode of transportation,,,g25,,all,all,categorical,categorical,direct_reporting
Health,"% of households with a hospital with emergency, maternity, surgical and paediatric services within one hour's reach from dwellings by normal mode of transportation",,,g26,,all,all,categorical,categorical,direct_reporting
Health,% of households reporting having access to a health clinic within one hour from dwellings by normal mode of transportation,,,g28,,all,all,categorical,categorical,direct_reporting
Health,% of households reporting having access to a hospital within one hour from dwellings by normal mode of transportation,,,g29,,all,all,categorical,categorical,direct_reporting
"Health, Protection - GBV","% of households reporting that women of reproductive age (15-49) face difficulty in accessing specialized reproductive health services, among households with women of reproductive age",,,g32,,all,all,categorical,categorical,direct_reporting
Health,% of households reporting [type of difficulty] in accessing health services in the past 3 months [among households reporting unmet health care need]*,,Fear of contracting COVID-19,g34_1,,all,all,categorical,categorical,direct_reporting
Health,% of households reporting [type of difficulty] in accessing health services in the past 3 months [among households reporting unmet health care need]*,,"Fear or distrust of health worker, examination or treatment",g34_2,,all,all,categorical,categorical,direct_reporting
Health,% of households reporting [type of difficulty] in accessing health services in the past 3 months [among households reporting unmet health care need]*,,Cost of medication was too high,g34_3,,all,all,categorical,categorical,direct_reporting
Health,% of households reporting [type of difficulty] in accessing health services in the past 3 months [among households reporting unmet health care need]*,,Insufficient number of female health staff,g34_4,,all,all,categorical,categorical,direct_reporting
Health,% of households reporting [type of difficulty] in accessing health services in the past 3 months [among households reporting unmet health care need]*,,The treatment centre was too far away/no means of transport,g34_5,,all,all,categorical,categorical,direct_reporting
Health,% of households reporting [type of difficulty] in accessing health services in the past 3 months [among households reporting unmet health care need]*,,Medical staff refused treatment without justification,g34_6,,all,all,categorical,categorical,direct_reporting
Health,% of households reporting [type of difficulty] in accessing health services in the past 3 months [among households reporting unmet health care need]*,,Did not get access to qualified health staff at the health facility,g34_7,,all,all,categorical,categorical,direct_reporting
Health,% of households reporting [type of difficulty] in accessing health services in the past 3 months [among households reporting unmet health care need]*,,No medicine available at health facility/pharmacy,g34_8,,all,all,categorical,categorical,direct_reporting
Health,% of households reporting [type of difficulty] in accessing health services in the past 3 months [among households reporting unmet health care need]*,,Public health clinic did not provide referral,g34_9,,all,all,categorical,categorical,direct_reporting
Health,% of households reporting [type of difficulty] in accessing health services in the past 3 months [among households reporting unmet health care need]*,,No treatment available for my disease at the health facility,g34_10,,all,all,categorical,categorical,direct_reporting
Health,% of households reporting [type of difficulty] in accessing health services in the past 3 months [among households reporting unmet health care need]*,,Health services not inclusive of people with disabilities,g34_11,,all,all,categorical,categorical,direct_reporting
Health,% of households reporting [type of difficulty] in accessing health services in the past 3 months [among households reporting unmet health care need]*,,Public health clinic not open,g34_12,,all,all,categorical,categorical,direct_reporting
Health,% of households reporting [type of difficulty] in accessing health services in the past 3 months [among households reporting unmet health care need]*,,Have not tried to access medical services,g34_13,,all,all,categorical,categorical,direct_reporting
Health,% of households reporting [type of difficulty] in accessing health services in the past 3 months [among households reporting unmet health care need]*,,Other,g34_14,,all,all,categorical,categorical,direct_reporting
Health,% of households reporting [type of difficulty] in accessing health services in the past 3 months [among households reporting unmet health care need]*,,Problems with civil documents,g34_15,,all,all,categorical,categorical,direct_reporting
Health,% of households reporting [type of difficulty] in accessing health services in the past 3 months [among households reporting unmet health care need]*,,Waiting time to receive service too long,g34_16,,all,all,categorical,categorical,direct_reporting
"Household profile, Health",% of households with at least one individual with a reported chronic health condition,,,g35,,all,all,categorical,categorical,direct_reporting
Protection - Protection CP,"% of households using violent disciplinary measures against their children, among households with children",,,g36,,all,all,categorical,categorical,direct_reporting
Livelihoods,"% of households with debt value > 90,000 IQD per household member",,,g37,,all,all,categorical,categorical,direct_reporting
Livelihoods,"% of households reportedly unable to afford basic needs (% of households taking on debt due to healthcare, food, education, or basic household expenditures)",,,g38,,all,all,categorical,categorical,direct_reporting
Livelihoods,% of households reporting barriers to an operational market place or grocery store,,,g41,,all,all,categorical,categorical,direct_reporting
Livelihoods,% of households reporting having a head of household who is unemployed and seeking work,,,g42,,all,all,categorical,categorical,direct_reporting
"Household profile, Livelihoods",% of households reporting having at least one adult (18+) unemployed and seeking work,,,g44,,all,all,categorical,categorical,direct_reporting
Livelihoods,Most commonly-reported barriers to employment*,,Fear of harassment/GBV in the workplace,g45_1,,all,all,categorical,categorical,direct_reporting
Livelihoods,Most commonly-reported barriers to employment*,,Increased competition for jobs; not enough jobs,g45_2,,all,all,categorical,categorical,direct_reporting
Livelihoods,Most commonly-reported barriers to employment*,,Available jobs are too far away,g45_3,,all,all,categorical,categorical,direct_reporting
Livelihoods,Most commonly-reported barriers to employment*,,Lack of livelihood/employment opportunities for women,g45_4,,all,all,categorical,categorical,direct_reporting
Livelihoods,Most commonly-reported barriers to employment*,,Lack of family/personal connections,g45_5,,all,all,categorical,categorical,direct_reporting
Livelihoods,Most commonly-reported barriers to employment*,,None,g45_6,,all,all,categorical,categorical,direct_reporting
Livelihoods,Most commonly-reported barriers to employment*,,"Only low-skilled, socially degrading or low-paying jobs",g45_7,,all,all,categorical,categorical,direct_reporting
Livelihoods,Most commonly-reported barriers to employment*,,Underqualified for available jobs,g45_8,,all,all,categorical,categorical,direct_reporting
Livelihoods,Most commonly-reported barriers to employment*,,Other,g45_9,,all,all,categorical,categorical,direct_reporting
Livelihoods,% of households reporting relying exclusively on humanitarian assistance as their main source of income,,,g48,,all,all,categorical,categorical,direct_reporting
Protection,% of households missing at least one key household or individual document,,,g51,,all,all,categorical,categorical,direct_reporting
Protection,% of households reporting having at least one child missing a key individual document,,,g52,,all,all,categorical,categorical,direct_reporting
Protection - CP,% of households reporting having at least one adult missing a key individual document,,,adult_missing_document,,all,all,categorical,categorical,direct_reporting
Protection - CP,% of households reporting having at least one child under 18 not residing in the household at the time of data collection,,,calc_separate_hh,,all,all,categorical,categorical,direct_reporting
Protection - CP,"Most commonly reported reasons for children under 18 to not reside in the household, among households who reported having at least one child under 18 not residing in the household at the time of data collection",,Left the house to engage with the army or armed groups,g53b_1,,all,all,categorical,categorical,direct_reporting
Protection - CP,"Most commonly reported reasons for children under 18 to not reside in the household, among households who reported having at least one child under 18 not residing in the household at the time of data collection",,Arbitrarily detained,g53b_2,,all,all,categorical,categorical,direct_reporting
Protection - CP,"Most commonly reported reasons for children under 18 to not reside in the household, among households who reported having at least one child under 18 not residing in the household at the time of data collection",,Kidnapped/abducted,g53b_3,,all,all,categorical,categorical,direct_reporting
Protection - CP,"Most commonly reported reasons for children under 18 to not reside in the household, among households who reported having at least one child under 18 not residing in the household at the time of data collection",,Married and left the house,g53b_4,,all,all,categorical,categorical,direct_reporting
Protection - CP,"Most commonly reported reasons for children under 18 to not reside in the household, among households who reported having at least one child under 18 not residing in the household at the time of data collection",,Missing (left and no news),g53b_5,,all,all,categorical,categorical,direct_reporting
Protection - CP,"Most commonly reported reasons for children under 18 to not reside in the household, among households who reported having at least one child under 18 not residing in the household at the time of data collection",,Left the house to seek employment,g53b_6,,all,all,categorical,categorical,direct_reporting
Protection - CP,"Most commonly reported reasons for children under 18 to not reside in the household, among households who reported having at least one child under 18 not residing in the household at the time of data collection",,Left the house to study,g53b_7,,all,all,categorical,categorical,direct_reporting
Protection,% of households reportedly experiencing daytime movement restrictions,,,g54,,all,all,categorical,categorical,direct_reporting
"Health, Protection - CP",% of households with children reportedly having psychosocial distress (proxy data with behaviour change),,,g56,,all,all,categorical,categorical,direct_reporting
"Health, Protection",% of households adults reportedly having psychosocial distress (proxy data with behaviour change),,,g57,,all,all,categorical,categorical,direct_reporting
Protection - GBV,% households reporting having women and girls who avoid areas because they feel unsafe there,,,g63,,all,all,categorical,categorical,direct_reporting
Protection - HLP,% of households reporting risk of eviction,,,g64,,all,all,categorical,categorical,direct_reporting
Protection - HLP,% of households reporting [reason] as a risk for eviction*,,Authorities requested our household to leave,g65_1,,all,all,categorical,categorical,direct_reporting
Protection - HLP,% of households reporting [reason] as a risk for eviction*,,Risk of property being confiscated,g65_2,,all,all,categorical,categorical,direct_reporting
Protection - HLP,% of households reporting [reason] as a risk for eviction*,,Ownership of property is disputed,g65_3,,all,all,categorical,categorical,direct_reporting
Protection - HLP,% of households reporting [reason] as a risk for eviction*,,Lack of funds to pay rental costs,g65_4,,all,all,categorical,categorical,direct_reporting
Protection - HLP,% of households reporting [reason] as a risk for eviction*,,No valid tenancy agreement,g65_5,,all,all,categorical,categorical,direct_reporting
Protection - HLP,% of households reporting [reason] as a risk for eviction*,,Host family no longer able to host our family,g65_6,,all,all,categorical,categorical,direct_reporting
Protection - HLP,% of households reporting [reason] as a risk for eviction*,,Housing occupied by other groups,g65_7,,all,all,categorical,categorical,direct_reporting
Protection - HLP,% of households reporting [reason] as a risk for eviction*,,Other,g65_8,,all,all,categorical,categorical,direct_reporting
Protection - HLP,% of households reporting [reason] as a risk for eviction*,,Request to vacate from owner of building/land,g65_9,,all,all,categorical,categorical,direct_reporting
Protection - HLP,% of households reporting [reason] as a risk for eviction*,,Local community does not accept our family living in the area,g65_10,,all,all,categorical,categorical,direct_reporting
Protection - HLP,% of households reporting lacking valid HLP documentation,,,g66,,all,all,categorical,categorical,direct_reporting
CCCM,"% of IDP households reporting not intending to return to AoO due to HLP issues (damage/destruction, secondary occupation or unresolved HLP ownership issues)",,,g67,,all,all,categorical,categorical,direct_reporting
Protection - HLP,% of households reporting lacking secure housing tenure,,,g68,,all,all,categorical,categorical,direct_reporting
CCCM,% of IDP households reporting not intending to return to their AoO due to explosive ordnance contamination,,,g73,,all,all,categorical,categorical,direct_reporting
Protection - MA,"% of households reporting having at least one member who has received any information, education or training about the risk of explosive ordnance",,,g74,,all,all,categorical,categorical,direct_reporting
Shelter & SNFI,% of households reporting needing basic NFI items,,,g85,,all,all,categorical,categorical,direct_reporting
Shelter & SNFI,% of households reporting the need for at least two shelter improvements,,,g89,,all,all,categorical,categorical,direct_reporting
WASH,% of households having access to a sufficient quantity of water for drinking and domestic purposes,,,g94,,all,all,categorical,categorical,direct_reporting
WASH,% of households reporting having access to an improved water source,,,g95,,all,all,categorical,categorical,direct_reporting
WASH,% of households reporting treating their water prior to drinking (excluding households who primarily rely on store-bought or trucked water),,,g96_a,,all,all,categorical,categorical,direct_reporting
WASH,% of households reporting problems related to water quality,,,g96_b,,all,all,categorical,categorical,direct_reporting
WASH,% of households reporting having access to improved functional sanitation facilities,,,g97,,all,all,categorical,categorical,direct_reporting
WASH,% of households reporting having access to functioning handwashing facilities with water available,,,g98,,all,all,categorical,categorical,direct_reporting
WASH,% of households reporting having access to soap ,,,g99,,all,all,categorical,categorical,direct_reporting
"Livelihoods, Food Security",% of households spending more than 40% of their total expenditure on food,,,g101,,all,all,categorical,categorical,direct_reporting
"Livelihoods, Health",% of households spending more than 25% of their total expenditure on health care,,,g102,,all,all,categorical,categorical,direct_reporting
Livelihoods,"% of households whose average monthly income [from employment and pension] was less than 440,000 IQD/month",,,g103,,all,all,categorical,categorical,direct_reporting
Livelihoods,"% of female headed households whose average monthly income [from employment and pension] was less than 440,000 IQD/month",,,g104,,all,all,categorical,categorical,direct_reporting
Education,"% of households reporting having at least one school-aged child who dropped-out of school in the previous (2020-2021) school-year, among households with at least one school-age child not attending school in the 2021-2022 schoolyear",,,drop_out_hh,,all,all,categorical,categorical,direct_reporting
Food Security,"Coping strategies reportedly used by households to cope with a lack of food or money to buy food, in average number of days used, within 7 days prior to data collection",,"Rely on less preferred and less expensive food (i.e., cheaper, lower quality food)",cheaper_food,,all,all,categorical,categorical,direct_reporting
Food Security,"Coping strategies reportedly used by households to cope with a lack of food or money to buy food, in average number of days used, within 7 days prior to data collection",,Reduce number of meals eaten in a day,reduce_meals,,all,all,categorical,categorical,direct_reporting
Food Security,"Coping strategies reportedly used by households to cope with a lack of food or money to buy food, in average number of days used, within 7 days prior to data collection",,Limit portion size at meal times,consuming_less_per_meal,,all,all,categorical,categorical,direct_reporting
Food Security,"Coping strategies reportedly used by households to cope with a lack of food or money to buy food, in average number of days used, within 7 days prior to data collection",,Adults do not eat so children can eat,reduce_for_adults,,all,all,categorical,categorical,direct_reporting
Education,Most commonly-reported reasons for school-aged children dropping out of school in the previous year*,drop_out_reasons,Main reasons for school-aged children dropping out of school in the previous year,,drop_out_reasons,all,all,categorical,categorical,direct_reporting
Education,Most commonly-reported reasons for school-aged children dropping out of school in the previous year*,drop_out_reasons,"Cannot afford education-related costs (e.g. tuition, supplies, transportation)",d15_2,cannot_afford,all,all,categorical,categorical,direct_reporting
Education,Most commonly-reported reasons for school-aged children dropping out of school in the previous year*,drop_out_reasons,Lack of schools in the community leading to drop out,d15_3,lack_schools,all,all,categorical,categorical,direct_reporting
Education,Most commonly-reported reasons for school-aged children dropping out of school in the previous year*,drop_out_reasons,Moved to another area,d15_4,moved_area,all,all,categorical,categorical,direct_reporting
Education,Most commonly-reported reasons for school-aged children dropping out of school in the previous year*,drop_out_reasons,Protection risks while commuting to school,d15_5,protection_risk_to_school,all,all,categorical,categorical,direct_reporting
Education,Most commonly-reported reasons for school-aged children dropping out of school in the previous year*,drop_out_reasons,Protection risks while at school,d15_6,protection_risk_at_school,all,all,categorical,categorical,direct_reporting
Education,Most commonly-reported reasons for school-aged children dropping out of school in the previous year*,drop_out_reasons,Lack of interest from child in education,d15_7,lack_interest_child,all,all,categorical,categorical,direct_reporting
Education,Most commonly-reported reasons for school-aged children dropping out of school in the previous year*,drop_out_reasons,Lack of interest/priority from parents,d15_8,lack_interest_parents,all,all,categorical,categorical,direct_reporting
Education,Most commonly-reported reasons for school-aged children dropping out of school in the previous year*,drop_out_reasons,Not able to register or enrol child in the school,d15_9,unable_reg_entoll,all,all,categorical,categorical,direct_reporting
Education,Most commonly-reported reasons for school-aged children dropping out of school in the previous year*,drop_out_reasons,Lack of valid documentation,d15_10,missing_docs,all,all,categorical,categorical,direct_reporting
Education,Most commonly-reported reasons for school-aged children dropping out of school in the previous year*,drop_out_reasons,Child helping at home / farm                          ,d15_11,working_home_farm,all,all,categorical,categorical,direct_reporting
Education,Most commonly-reported reasons for school-aged children dropping out of school in the previous year*,drop_out_reasons,Child busy working or supporting the household (outside of home),d15_12,working_job,all,all,categorical,categorical,direct_reporting
Education,Most commonly-reported reasons for school-aged children dropping out of school in the previous year*,drop_out_reasons,Child marriage,d15_13,child_married,all,all,categorical,categorical,direct_reporting
Education,Most commonly-reported reasons for school-aged children dropping out of school in the previous year*,drop_out_reasons,Disability ,d15_14,disability,all,all,categorical,categorical,direct_reporting
Education,Most commonly-reported reasons for school-aged children dropping out of school in the previous year*,drop_out_reasons,School and classes are overcrowded,d15_15,overcrowded,all,all,categorical,categorical,direct_reporting
Education,Most commonly-reported reasons for school-aged children dropping out of school in the previous year*,drop_out_reasons,Lack of staff to run the school ,d15_16,lack_staff,all,all,categorical,categorical,direct_reporting
Education,Most commonly-reported reasons for school-aged children dropping out of school in the previous year*,drop_out_reasons,The school infrastructure is poor,d15_17,infrastructure_bad,all,all,categorical,categorical,direct_reporting
Education,Most commonly-reported reasons for school-aged children dropping out of school in the previous year*,drop_out_reasons,Poor quality of education/teaching,d15_18,poor_quality,all,all,categorical,categorical,direct_reporting
Education,Most commonly-reported reasons for school-aged children dropping out of school in the previous year*,drop_out_reasons,The curriculum is not adapted for child ,d15_19,unsuitable_curriculum,all,all,categorical,categorical,direct_reporting
Education,Most commonly-reported reasons for school-aged children dropping out of school in the previous year*,drop_out_reasons,The teaching is not adapted for child,d15_20,unsuitable_teaching,all,all,categorical,categorical,direct_reporting
Education,Most commonly-reported reasons for school-aged children dropping out of school in the previous year*,drop_out_reasons,COVID-19 related school closures,d15_21,covid_closure,all,all,categorical,categorical,direct_reporting
Education,Most commonly-reported reasons for school-aged children dropping out of school in the previous year*,drop_out_reasons,Schools did not provide remote learning frequently or at all,d15_22,no_remote_teaching,all,all,categorical,categorical,direct_reporting
Education,Most commonly-reported reasons for school-aged children dropping out of school in the previous year*,drop_out_reasons,household did not have necessary equipment (e.g. tablets),d15_23,no_remote_equipment,all,all,categorical,categorical,direct_reporting
Education,Most commonly-reported reasons for school-aged children dropping out of school in the previous year*,drop_out_reasons,Lack of connectivity/Internet-related barriers for remote learning,d15_24,no_tech_for_remote,all,all,categorical,categorical,direct_reporting
Education,Most commonly-reported reasons for school-aged children dropping out of school in the previous year*,drop_out_reasons,household did not have regular electricity/power for remote learning,d15_25,no_elec_power,all,all,categorical,categorical,direct_reporting
Education,Most commonly-reported reasons for school-aged children dropping out of school in the previous year*,drop_out_reasons,Other,d15_26,other,all,all,categorical,categorical,direct_reporting
Education,Most commonly-reported reasons for school-aged children dropping out of school in the previous year*,drop_out_reasons,Do not know,d15_27,do_not_know,all,all,categorical,categorical,direct_reporting
Education,Most commonly-reported reasons for school-aged children dropping out of school in the previous year*,drop_out_reasons,Decline to answer,d15_28,decline,all,all,categorical,categorical,direct_reporting
WASH,"% of households by time (minutes) taken to fetch water (round trip by walking, queuing and time needed to fetch water)",,Water on premises,d16_1,on_premises,all,all,categorical,categorical,direct_reporting
WASH,"% of households by time (minutes) taken to fetch water (round trip by walking, queuing and time needed to fetch water)",,Less than 5min to fetch and return,d16_2,less_than_5,all,all,categorical,categorical,direct_reporting
WASH,"% of households by time (minutes) taken to fetch water (round trip by walking, queuing and time needed to fetch water)",,Between 5 and 15 min to fetch and return,d16_3,5_15,all,all,categorical,categorical,direct_reporting
WASH,"% of households by time (minutes) taken to fetch water (round trip by walking, queuing and time needed to fetch water)",,Between 16 and 30min to fetch and return,d16_4,16_30,all,all,categorical,categorical,direct_reporting
WASH,"% of households by time (minutes) taken to fetch water (round trip by walking, queuing and time needed to fetch water)",,More than 31min to fetch and return,d16_5,more_than_30,all,all,categorical,categorical,direct_reporting
WASH,"% of households by time (minutes) taken to fetch water (round trip by walking, queuing and time needed to fetch water)",,Do not know,d16_6,don't_know,all,all,categorical,categorical,direct_reporting
Durable Solutions,"% of households with at least one adult reportedly unable to vote in local or national elections due to legal, administrative, or document-related issues",,,not_all_adult_vote,not_all_adult_vote,all,all,categorical,categorical,direct_reporting
Durable Solutions,"Reported likelihood of at least one member of the household to cooperate with other community members in the event of a communal issue (e.g., flood, water shortage)",,soc_cohesion_community_cooperation,soc_cohesion_community_cooperation,soc_cohesion_community_cooperation,all,all,categorical,categorical,direct_reporting
Durable Solutions,% of households with at least one person reportedly covered under social security schemes (public or private) other than PDS,,,social_security_not_pds,social_security_not_pds,all,all,categorical,categorical,direct_reporting
Health ,"% of households reporting having had at least one person with an unmet health care need within three 3 months of data collection, among households who reported having had health care needs",,,health_accessed_number_at_least_one,,all,all,categorical,categorical,direct_reporting
"Livelihoods, Food Security, CWG, Protection","% of households reporting having applied [Livelihood Coping Strategy] among households who were able to apply this strategy, because there was not enough food or money to buy it, within 30 days of data collection",,"Sold household properties (e.g., refrigerator, television, jewellery) - Stress strategy",selling_assets,,all,all,categorical,categorical,direct_reporting
"Livelihoods, Food Security, CWG, Protection","% of households reporting having applied [Livelihood Coping Strategy] among households who were able to apply this strategy, because there was not enough food or money to buy it, within 30 days of data collection",,Bought food on credit or through borrowed money from relatives and friends - Stress strategy,borrow_debt,,all,all,categorical,categorical,direct_reporting
"Livelihoods, Food Security, CWG, Protection","% of households reporting having applied [Livelihood Coping Strategy] among households who were able to apply this strategy, because there was not enough food or money to buy it, within 30 days of data collection",,"Sold means of transport (e.g., car, motorbike) - Crisis strategy",selling_transportation_means,,all,all,categorical,categorical,direct_reporting
"Livelihoods, Food Security, CWG, Protection","% of households reporting having applied [Livelihood Coping Strategy] among households who were able to apply this strategy, because there was not enough food or money to buy it, within 30 days of data collection",,Withdrew children from school - Crisis strategy,child_dropout_school,,all,all,categorical,categorical,direct_reporting
"Livelihoods, Food Security, CWG, Protection","% of households reporting having applied [Livelihood Coping Strategy] among households who were able to apply this strategy, because there was not enough food or money to buy it, within 30 days of data collection",,"Reduced expenditure on non-food expenses (e.g., health, education) - Crisis strategy",reduce_spending,,all,all,categorical,categorical,direct_reporting
"Livelihoods, Food Security, CWG, Protection","% of households reporting having applied [Livelihood Coping Strategy] among households who were able to apply this strategy, because there was not enough food or money to buy it, within 30 days of data collection",,Changed place of residence and accommodation to reduce expenses - Crisis strategy,change_place,,all,all,categorical,categorical,direct_reporting
"Livelihoods, Food Security, CWG, Protection","% of households reporting having applied [Livelihood Coping Strategy] among households who were able to apply this strategy, because there was not enough food or money to buy it, within 30 days of data collection",,Engaged in high-risk behaviour/activities - Emergency strategy,adult_risky,,all,all,categorical,categorical,direct_reporting
"Livelihoods, Food Security, CWG, Protection","% of households reporting having applied [Livelihood Coping Strategy] among households who were able to apply this strategy, because there was not enough food or money to buy it, within 30 days of data collection",,Children under 18 work to provide resources - Crisis strategy,child_work_cs,,all,all,categorical,categorical,direct_reporting
"Livelihoods, Food Security, CWG, Protection","% of households reporting having applied [Livelihood Coping Strategy] among households who were able to apply this strategy, because there was not enough food or money to buy it, within 30 days of data collection",,Entire household migrated - Emergency strategy,family_migrating,,all,all,categorical,categorical,direct_reporting
"Livelihoods, Food Security, CWG, Protection","% of households reporting having applied [Livelihood Coping Strategy] among households who were able to apply this strategy, because there was not enough food or money to buy it, within 30 days of data collection",,Children or adults forcefully married - Emergency strategy,child_forced_marriage,,all,all,categorical,categorical,direct_reporting
